[{
  "_id": {
    "$oid": "6507ddc8aaec37c3fd5dc98a"
  },
  "cedProfesor": "1024578693",
  "nomProfesor": "Roberto",
  "profProfesor": "1000253698",
  "materiaBase": "Base de datos",
  "directorCurso": "jose"
},
{
  "_id": {
    "$oid": "65084ef1afd011968bfa4077"
  },
  "cedProfesor": "82",
  "nomProfesor": "Laura Beatriz Sanchez",
  "profProfesor": "627131847",
  "materiaBase": "Economía",
  "directorCurso": "Maria Elena Gomez"
},
{
  "_id": {
    "$oid": "65084ef3afd011968bfa4078"
  },
  "cedProfesor": "319",
  "nomProfesor": "Carlos Eduardo Ramirez",
  "profProfesor": "240954425",
  "materiaBase": "Educación Física",
  "directorCurso": "Maria Elena Gomez"
},
{
  "_id": {
    "$oid": "65084ef3afd011968bfa4079"
  },
  "cedProfesor": "301",
  "nomProfesor": "Sofia Valentina Lopez",
  "profProfesor": "306410694",
  "materiaBase": "Informática",
  "directorCurso": "Luis Antonio Perez"
},
{
  "_id": {
    "$oid": "65084ef3afd011968bfa407a"
  },
  "cedProfesor": "90",
  "nomProfesor": "Javier Alejandro Torres",
  "profProfesor": "783024728",
  "materiaBase": "Geografía",
  "directorCurso": "Maria Elena Gomez"
},
{
  "_id": {
    "$oid": "65084ef4afd011968bfa407b"
  },
  "cedProfesor": "446",
  "nomProfesor": "Paola Andrea Gonzalez",
  "profProfesor": "658323237",
  "materiaBase": "Educación Física",
  "directorCurso": "Juan Carlos Rodriguez"
},
{
  "_id": {
    "$oid": "65084ef4afd011968bfa407c"
  },
  "cedProfesor": "467",
  "nomProfesor": "Diego Andres Silva",
  "profProfesor": "425511528",
  "materiaBase": "Informática",
  "directorCurso": "Luis Antonio Perez"
},
{
  "_id": {
    "$oid": "65084ef4afd011968bfa407d"
  },
  "cedProfesor": "948",
  "nomProfesor": "Valeria Natalia Cruz",
  "profProfesor": "816138287",
  "materiaBase": "Informática",
  "directorCurso": "Juan Carlos Rodriguez"
},
{
  "_id": {
    "$oid": "65084ef4afd011968bfa407e"
  },
  "cedProfesor": "16",
  "nomProfesor": "Martin Sebastian Ortega",
  "profProfesor": "324895541",
  "materiaBase": "Ciencias Naturales",
  "directorCurso": "Luis Antonio Perez"
},
{
  "_id": {
    "$oid": "65084ef5afd011968bfa407f"
  },
  "cedProfesor": "832",
  "nomProfesor": "Ana Maria Rodriguez",
  "profProfesor": "270625356",
  "materiaBase": "Matemáticas",
  "directorCurso": "Maria Elena Gomez"
},
{
  "_id": {
    "$oid": "65084ef5afd011968bfa4080"
  },
  "cedProfesor": "486",
  "nomProfesor": "Lucas Esteban Herrera",
  "profProfesor": "747515026",
  "materiaBase": "Informática",
  "directorCurso": "Juan Carlos Rodriguez"
},
{
  "_id": {
    "$oid": "65084ef5afd011968bfa4081"
  },
  "cedProfesor": "195",
  "nomProfesor": "Natalia Alejandra Castro",
  "profProfesor": "698090563",
  "materiaBase": "Informática",
  "directorCurso": "Luis Antonio Perez"
},
{
  "_id": {
    "$oid": "65084ef6afd011968bfa4082"
  },
  "cedProfesor": "79",
  "nomProfesor": "Sergio Andres Rios",
  "profProfesor": "705764324",
  "materiaBase": "Informática",
  "directorCurso": "Ana Sofia Martinez"
},
{
  "_id": {
    "$oid": "65084ef6afd011968bfa4083"
  },
  "cedProfesor": "958",
  "nomProfesor": "Camila Isabel Morales",
  "profProfesor": "738043721",
  "materiaBase": "Educación Cívica",
  "directorCurso": "Pedro Jose Fernandez"
},
{
  "_id": {
    "$oid": "65084ef6afd011968bfa4084"
  },
  "cedProfesor": "1",
  "nomProfesor": "Juan Pablo Romero",
  "profProfesor": "259538705",
  "materiaBase": "Lengua y Literatura",
  "directorCurso": "Ana Sofia Martinez"
},
{
  "_id": {
    "$oid": "65084ef7afd011968bfa4085"
  },
  "cedProfesor": "704",
  "nomProfesor": "Andrea Victoria Acosta",
  "profProfesor": "768989355",
  "materiaBase": "Educación Física",
  "directorCurso": "Juan Carlos Rodriguez"
},
{
  "_id": {
    "$oid": "65084ef7afd011968bfa4086"
  },
  "cedProfesor": "606",
  "nomProfesor": "Pablo Ignacio Diaz",
  "profProfesor": "768160156",
  "materiaBase": "Diseño Gráfico",
  "directorCurso": "Ana Sofia Martinez"
},
{
  "_id": {
    "$oid": "65084ef7afd011968bfa4087"
  },
  "cedProfesor": "562",
  "nomProfesor": "Valentina Sofia Medina",
  "profProfesor": "665987202",
  "materiaBase": "Educación Física",
  "directorCurso": "Maria Elena Gomez"
},
{
  "_id": {
    "$oid": "65084ef7afd011968bfa4088"
  },
  "cedProfesor": "564",
  "nomProfesor": "Andres Felipe Jimenez",
  "profProfesor": "259014376",
  "materiaBase": "Tecnología",
  "directorCurso": "Ana Sofia Martinez"
},
{
  "_id": {
    "$oid": "65084ef8afd011968bfa4089"
  },
  "cedProfesor": "448",
  "nomProfesor": "Martina Antonia Vargas",
  "profProfesor": "683565094",
  "materiaBase": "Artes Plásticas",
  "directorCurso": "Ana Sofia Martinez"
},
{
  "_id": {
    "$oid": "65084ef8afd011968bfa408a"
  },
  "cedProfesor": "997",
  "nomProfesor": "Felipe Alonso Paredes",
  "profProfesor": "384906420",
  "materiaBase": "Matemáticas",
  "directorCurso": "Ana Sofia Martinez"
}]