[{
  "_id": {
    "$oid": "6507dc6eaaec37c3fd5dc97f"
  },
  "codCurso": "100a",
  "nombreCurso": "Primero A",
  "jornada": "Mañana"
},
{
  "_id": {
    "$oid": "6507dc76aaec37c3fd5dc980"
  },
  "codCurso": "100b",
  "nombreCurso": "Primero B",
  "jornada": "Mañana"
},
{
  "_id": {
    "$oid": "6507dc7eaaec37c3fd5dc981"
  },
  "codCurso": "100c",
  "nombreCurso": "Primero C",
  "jornada": "Mañana"
},
{
  "_id": {
    "$oid": "6507dc86aaec37c3fd5dc982"
  },
  "codCurso": "100d",
  "nombreCurso": "Primero D",
  "jornada": "Mañana"
},
{
  "_id": {
    "$oid": "6507dc8faaec37c3fd5dc983"
  },
  "codCurso": "100e",
  "nombreCurso": "Primero E",
  "jornada": "Mañana"
},
{
  "_id": {
    "$oid": "6507dc9caaec37c3fd5dc984"
  },
  "codCurso": "300a",
  "nombreCurso": "Primero A",
  "jornada": "Mañana"
},
{
  "_id": {
    "$oid": "6507dcc0aaec37c3fd5dc986"
  },
  "codCurso": "100F",
  "nombreCurso": "Segundo A",
  "jornada": "Fin de semana"
},
{
  "_id": {
    "$oid": "6507dcc7aaec37c3fd5dc987"
  },
  "codCurso": "900F",
  "nombreCurso": "Segundo B",
  "jornada": "Fin de semana"
},
{
  "_id": {
    "$oid": "6507dccfaaec37c3fd5dc988"
  },
  "codCurso": "1000F",
  "nombreCurso": "Segundo C",
  "jornada": "Fin de semana"
}]