[{
  "_id": {
    "$oid": "6507ec3288d59d86a793bab7"
  },
  "codAlumno": "82",
  "alumno": "Juan Pérez",
  "celAlumno": "627131847",
  "matAlumno": [
    155,
    202,
    260,
    189,
    134,
    259,
    264,
    284,
    268,
    249
  ]
},
{
  "_id": {
    "$oid": "6507ec3488d59d86a793bab8"
  },
  "codAlumno": "729",
  "alumno": "María Rodríguez",
  "celAlumno": "206933274",
  "matAlumno": [
    246,
    198
  ]
},
{
  "_id": {
    "$oid": "6507ed0988d59d86a793bab9"
  },
  "codAlumno": "107",
  "alumno": "Juan Carlos López García",
  "celAlumno": "536340495",
  "matAlumno": [
    156,
    101,
    115,
    218,
    299,
    260,
    253
  ]
},
{
  "_id": {
    "$oid": "6507ed0988d59d86a793baba"
  },
  "codAlumno": "16",
  "alumno": "María Isabel Rodríguez Martínez",
  "celAlumno": "324895541",
  "matAlumno": [
    108,
    237,
    250,
    174,
    103,
    287,
    196,
    259,
    137
  ]
},
{
  "_id": {
    "$oid": "6507ed0988d59d86a793babb"
  },
  "codAlumno": "91",
  "alumno": "Carlos Antonio Pérez Hernández",
  "celAlumno": "368565194",
  "matAlumno": [
    176,
    271,
    152,
    272
  ]
},
{
  "_id": {
    "$oid": "6507ed0a88d59d86a793babc"
  },
  "codAlumno": "160",
  "alumno": "Ana María Fernández González",
  "celAlumno": "876971353",
  "matAlumno": [
    275,
    130,
    295,
    122,
    281,
    249,
    199,
    257
  ]
},
{
  "_id": {
    "$oid": "6507ed0a88d59d86a793babd"
  },
  "codAlumno": "356",
  "alumno": "Pedro Luis Martínez Rodríguez",
  "celAlumno": "793108510",
  "matAlumno": [
    265,
    197,
    162,
    201,
    234,
    204
  ]
},
{
  "_id": {
    "$oid": "6507ed0a88d59d86a793babe"
  },
  "codAlumno": "747",
  "alumno": "Luisa María Sánchez Pérez",
  "celAlumno": "295071563",
  "matAlumno": [
    177,
    183,
    208,
    274,
    146,
    143,
    152
  ]
},
{
  "_id": {
    "$oid": "6507ed0a88d59d86a793babf"
  },
  "codAlumno": "421",
  "alumno": "José Manuel Ramírez López",
  "celAlumno": "823118623",
  "matAlumno": [
    161,
    188,
    228,
    215
  ]
},
{
  "_id": {
    "$oid": "6507ed0a88d59d86a793bac0"
  },
  "codAlumno": "34",
  "alumno": "Laura Elena Torres Soto",
  "celAlumno": "584138643",
  "matAlumno": [
    161,
    150
  ]
},
{
  "_id": {
    "$oid": "6507ed0b88d59d86a793bac1"
  },
  "codAlumno": "337",
  "alumno": "Sofía Andrea Ruiz González",
  "celAlumno": "608572546",
  "matAlumno": [
    103,
    230,
    253,
    115,
    173,
    210,
    121,
    137
  ]
},
{
  "_id": {
    "$oid": "6507ed0b88d59d86a793bac2"
  },
  "codAlumno": "516",
  "alumno": "Miguel Ángel Gómez Pérez",
  "celAlumno": "539189757",
  "matAlumno": [
    288,
    221,
    230,
    265,
    110,
    298,
    293,
    284
  ]
},
{
  "_id": {
    "$oid": "6507ed0b88d59d86a793bac3"
  },
  "codAlumno": "583",
  "alumno": "Isabella Sofia Vargas Torres",
  "celAlumno": "106105384",
  "matAlumno": [
    180,
    290,
    184,
    118,
    228,
    134,
    265,
    103
  ]
},
{
  "_id": {
    "$oid": "6507ed0b88d59d86a793bac4"
  },
  "codAlumno": "67",
  "alumno": "Andrés Felipe Medina Ramírez",
  "celAlumno": "578221270",
  "matAlumno": [
    248,
    128,
    292,
    187
  ]
},
{
  "_id": {
    "$oid": "6507ed0b88d59d86a793bac5"
  },
  "codAlumno": "176",
  "alumno": "Valentina Alejandra Silva González",
  "celAlumno": "357944885",
  "matAlumno": [
    136
  ]
},
{
  "_id": {
    "$oid": "6507ed0b88d59d86a793bac6"
  },
  "codAlumno": "750",
  "alumno": "Diego Alejandro Pérez López",
  "celAlumno": "817401528",
  "matAlumno": [
    268,
    256,
    253,
    264,
    269,
    224,
    144,
    102,
    273
  ]
},
{
  "_id": {
    "$oid": "6507ed0c88d59d86a793bac7"
  },
  "codAlumno": "787",
  "alumno": "Camila Sofía González Soto",
  "celAlumno": "428547051",
  "matAlumno": [
    269,
    284,
    212,
    287,
    231,
    224,
    157
  ]
},
{
  "_id": {
    "$oid": "6507ed0c88d59d86a793bac8"
  },
  "codAlumno": "91",
  "alumno": "Daniel Eduardo Rodríguez Martínez",
  "celAlumno": "380061602",
  "matAlumno": [
    170,
    154,
    146,
    112,
    211,
    229,
    226,
    226,
    133
  ]
},
{
  "_id": {
    "$oid": "6507ed0c88d59d86a793bac9"
  },
  "codAlumno": "969",
  "alumno": "Lucía Andrea García Pérez",
  "celAlumno": "792801166",
  "matAlumno": [
    258
  ]
},
{
  "_id": {
    "$oid": "6507ed0c88d59d86a793baca"
  },
  "codAlumno": "441",
  "alumno": "Alejandro Javier Martínez López",
  "celAlumno": "669254904",
  "matAlumno": [
    203,
    295,
    193
  ]
},
{
  "_id": {
    "$oid": "6507ed0d88d59d86a793bacb"
  },
  "codAlumno": "40",
  "alumno": "Valeria María Torres Sánchez",
  "celAlumno": "127543430",
  "matAlumno": [
    239,
    271,
    186,
    253
  ]
},
{
  "_id": {
    "$oid": "6507ed0d88d59d86a793bacc"
  },
  "codAlumno": "871",
  "alumno": "Manuel Alberto López García",
  "celAlumno": "643312984",
  "matAlumno": [
    269,
    141,
    249,
    156,
    283,
    166,
    182,
    111
  ]
},
{
  "_id": {
    "$oid": "6507ed0d88d59d86a793bacd"
  },
  "codAlumno": "667",
  "alumno": "Martina Sofía Pérez Martínez",
  "celAlumno": "983776200",
  "matAlumno": [
    154,
    208,
    195,
    269,
    243,
    228,
    147
  ]
},
{
  "_id": {
    "$oid": "6507ed0d88d59d86a793bace"
  },
  "codAlumno": "163",
  "alumno": "Javier Alejandro Rodríguez González",
  "celAlumno": "146243447",
  "matAlumno": [
    296,
    229,
    219
  ]
},
{
  "_id": {
    "$oid": "6507ed0d88d59d86a793bacf"
  },
  "codAlumno": "889",
  "alumno": "Emma Isabel Pérez García",
  "celAlumno": "246338318",
  "matAlumno": [
    299,
    297,
    119,
    202,
    241,
    248,
    135
  ]
},
{
  "_id": {
    "$oid": "6507ed0e88d59d86a793bad0"
  },
  "codAlumno": "796",
  "alumno": "Fernando José Soto López",
  "celAlumno": "585210417",
  "matAlumno": [
    119,
    209,
    164,
    186
  ]
},
{
  "_id": {
    "$oid": "6507ed0e88d59d86a793bad1"
  },
  "codAlumno": "521",
  "alumno": "Paula Antonia Martínez Pérez",
  "celAlumno": "762460260",
  "matAlumno": [
    103,
    123,
    299
  ]
},
{
  "_id": {
    "$oid": "6507ed0e88d59d86a793bad2"
  },
  "codAlumno": "421",
  "alumno": "Luis Enrique González Sánchez",
  "celAlumno": "987131464",
  "matAlumno": [
    298
  ]
},
{
  "_id": {
    "$oid": "6507ed0e88d59d86a793bad3"
  },
  "codAlumno": "182",
  "alumno": "Antonia María Pérez García",
  "celAlumno": "993371757",
  "matAlumno": [
    105,
    216,
    293,
    218,
    172,
    113,
    230
  ]
},
{
  "_id": {
    "$oid": "6507ed0e88d59d86a793bad4"
  },
  "codAlumno": "510",
  "alumno": "Raúl Alejandro Sánchez López",
  "celAlumno": "992731719",
  "matAlumno": [
    217,
    240,
    149,
    271,
    150
  ]
},
{
  "_id": {
    "$oid": "6507ed0f88d59d86a793bad5"
  },
  "codAlumno": "174",
  "alumno": "Victoria María Torres Rodríguez",
  "celAlumno": "764750235",
  "matAlumno": [
    213,
    112,
    300,
    209
  ]
},
{
  "_id": {
    "$oid": "6507ed0f88d59d86a793bad6"
  },
  "codAlumno": "71",
  "alumno": "Pablo Andrés Pérez García",
  "celAlumno": "140186336",
  "matAlumno": [
    131,
    248,
    148,
    247,
    193,
    250,
    112,
    181,
    297
  ]
},
{
  "_id": {
    "$oid": "6507ed0f88d59d86a793bad7"
  },
  "codAlumno": "353",
  "alumno": "Gabriela Sofía López Sánchez",
  "celAlumno": "149627420",
  "matAlumno": [
    272,
    240,
    278
  ]
},
{
  "_id": {
    "$oid": "6507ed0f88d59d86a793bad8"
  },
  "codAlumno": "266",
  "alumno": "Jorge Luis González Martínez",
  "celAlumno": "895143479",
  "matAlumno": [
    239,
    238,
    240
  ]
},
{
  "_id": {
    "$oid": "6507ed0f88d59d86a793bad9"
  },
  "codAlumno": "856",
  "alumno": "Juana María Rodríguez Pérez",
  "celAlumno": "844884511",
  "matAlumno": [
    114,
    148,
    169,
    264
  ]
},
{
  "_id": {
    "$oid": "6507ed1088d59d86a793bada"
  },
  "codAlumno": "409",
  "alumno": "Ricardo Andrés García López",
  "celAlumno": "357377008",
  "matAlumno": [
    108,
    119,
    110,
    101,
    174,
    185,
    155,
    198,
    103
  ]
},
{
  "_id": {
    "$oid": "6507ed1088d59d86a793badb"
  },
  "codAlumno": "115",
  "alumno": "Renata Sofía Soto Martínez",
  "celAlumno": "748974658",
  "matAlumno": [
    292,
    154,
    226,
    273,
    263,
    158,
    121,
    254,
    282,
    149
  ]
},
{
  "_id": {
    "$oid": "6507ed1088d59d86a793badc"
  },
  "codAlumno": "929",
  "alumno": "Roberto José Pérez Rodríguez",
  "celAlumno": "687325516",
  "matAlumno": [
    290,
    175,
    148,
    140,
    142,
    251,
    209
  ]
},
{
  "_id": {
    "$oid": "6507ed1088d59d86a793badd"
  },
  "codAlumno": "699",
  "alumno": "Catalina Isabel Martínez García",
  "celAlumno": "813969430",
  "matAlumno": [
    199,
    131,
    241,
    266,
    255,
    268,
    114,
    152,
    114,
    178
  ]
},
{
  "_id": {
    "$oid": "6507ed1088d59d86a793bade"
  },
  "codAlumno": "82",
  "alumno": "Gabriel Eduardo López Sánchez",
  "celAlumno": "663694405",
  "matAlumno": [
    247,
    130,
    163,
    253,
    293,
    248,
    168
  ]
},
{
  "_id": {
    "$oid": "6507ed1188d59d86a793badf"
  },
  "codAlumno": "268",
  "alumno": "Florencia María Torres Martínez",
  "celAlumno": "652022175",
  "matAlumno": [
    102,
    121,
    202,
    171
  ]
},
{
  "_id": {
    "$oid": "6507ed1188d59d86a793bae0"
  },
  "codAlumno": "559",
  "alumno": "Rafael Andrés González Rodríguez",
  "celAlumno": "947172884",
  "matAlumno": [
    118,
    121,
    226
  ]
},
{
  "_id": {
    "$oid": "6507ed1188d59d86a793bae1"
  },
  "codAlumno": "973",
  "alumno": "Clara Sofía García López",
  "celAlumno": "110479253",
  "matAlumno": [
    264,
    254,
    219,
    130,
    156,
    259,
    120,
    151,
    159
  ]
},
{
  "_id": {
    "$oid": "6507ed1188d59d86a793bae2"
  },
  "codAlumno": "333",
  "alumno": "Gonzalo Alejandro Sánchez Pérez",
  "celAlumno": "846182677",
  "matAlumno": [
    158,
    212,
    200
  ]
},
{
  "_id": {
    "$oid": "6507ed1188d59d86a793bae3"
  },
  "codAlumno": "687",
  "alumno": "Adriana María Martínez Rodríguez",
  "celAlumno": "592461462",
  "matAlumno": [
    266,
    250,
    265,
    152,
    103
  ]
},
{
  "_id": {
    "$oid": "6507ed1288d59d86a793bae4"
  },
  "codAlumno": "923",
  "alumno": "Matías Alberto Pérez López",
  "celAlumno": "636130045",
  "matAlumno": [
    169,
    151,
    126,
    169,
    158
  ]
},
{
  "_id": {
    "$oid": "6507ed1288d59d86a793bae5"
  },
  "codAlumno": "760",
  "alumno": "Diana Isabel Rodríguez García",
  "celAlumno": "421447124",
  "matAlumno": [
    207,
    294,
    213,
    295,
    228,
    201,
    223,
    175
  ]
},
{
  "_id": {
    "$oid": "6507ed1288d59d86a793bae6"
  },
  "codAlumno": "582",
  "alumno": "Lucas Alejandro García Sánchez",
  "celAlumno": "401883131",
  "matAlumno": [
    230,
    235
  ]
},
{
  "_id": {
    "$oid": "6507ed1288d59d86a793bae7"
  },
  "codAlumno": "204",
  "alumno": "Elena María López Martínez",
  "celAlumno": "353157092",
  "matAlumno": [
    280,
    193,
    259
  ]
},
{
  "_id": {
    "$oid": "6507ed1388d59d86a793bae8"
  },
  "codAlumno": "974",
  "alumno": "Emilio José Pérez Rodríguez",
  "celAlumno": "109403017",
  "matAlumno": [
    180,
    210,
    261,
    220,
    118,
    211,
    184,
    229,
    163,
    261
  ]
},
{
  "_id": {
    "$oid": "6507ed1388d59d86a793bae9"
  },
  "codAlumno": "575",
  "alumno": "Natalia Andrea Torres García",
  "celAlumno": "930778610",
  "matAlumno": [
    219
  ]
},
{
  "_id": {
    "$oid": "6507ed1388d59d86a793baea"
  },
  "codAlumno": "915",
  "alumno": "Raúl Antonio Sánchez López",
  "celAlumno": "298092523",
  "matAlumno": [
    237
  ]
},
{
  "_id": {
    "$oid": "6507ed1388d59d86a793baeb"
  },
  "codAlumno": "278",
  "alumno": "Isabel María García Pérez",
  "celAlumno": "761905645",
  "matAlumno": [
    282,
    266
  ]
},
{
  "_id": {
    "$oid": "6507ed1388d59d86a793baec"
  },
  "codAlumno": "735",
  "alumno": "Francisco Javier Martínez Rodríguez",
  "celAlumno": "729823354",
  "matAlumno": [
    123,
    237
  ]
},
{
  "_id": {
    "$oid": "6507ed1488d59d86a793baed"
  },
  "codAlumno": "11",
  "alumno": "Mariana Isabel Pérez Soto",
  "celAlumno": "946033921",
  "matAlumno": [
    284,
    181,
    263,
    249,
    223,
    109,
    140,
    226
  ]
},
{
  "_id": {
    "$oid": "6507ed1488d59d86a793baee"
  },
  "codAlumno": "597",
  "alumno": "Hugo Alejandro González López",
  "celAlumno": "820519466",
  "matAlumno": [
    299,
    268,
    116,
    212,
    207,
    210
  ]
},
{
  "_id": {
    "$oid": "6507ed1488d59d86a793baef"
  },
  "codAlumno": "447",
  "alumno": "Celeste Sofía López Martínez",
  "celAlumno": "102409921",
  "matAlumno": [
    170,
    159,
    276,
    292,
    168
  ]
},
{
  "_id": {
    "$oid": "6507ed1488d59d86a793baf0"
  },
  "codAlumno": "926",
  "alumno": "Oscar Eduardo Pérez Sánchez",
  "celAlumno": "621269219",
  "matAlumno": [
    149
  ]
},
{
  "_id": {
    "$oid": "6507ed1488d59d86a793baf1"
  },
  "codAlumno": "731",
  "alumno": "Carmen María Soto Rodríguez",
  "celAlumno": "882543176",
  "matAlumno": [
    175
  ]
},
{
  "_id": {
    "$oid": "6507ed1588d59d86a793baf2"
  },
  "codAlumno": "435",
  "alumno": "Felipe Andrés López García",
  "celAlumno": "845898619",
  "matAlumno": [
    189,
    244,
    296,
    114,
    262,
    294,
    288
  ]
},
{
  "_id": {
    "$oid": "6507ed1588d59d86a793baf3"
  },
  "codAlumno": "575",
  "alumno": "Patricia María Martínez Sánchez",
  "celAlumno": "109640701",
  "matAlumno": [
    294
  ]
},
{
  "_id": {
    "$oid": "6507ed1588d59d86a793baf4"
  },
  "codAlumno": "89",
  "alumno": "Alberto Luis Pérez López",
  "celAlumno": "903290864",
  "matAlumno": [
    145
  ]
},
{
  "_id": {
    "$oid": "6507ed1588d59d86a793baf5"
  },
  "codAlumno": "720",
  "alumno": "Monica Isabel García Rodríguez",
  "celAlumno": "883671582",
  "matAlumno": [
    138,
    119,
    159,
    224,
    182,
    291,
    275
  ]
},
{
  "_id": {
    "$oid": "6507ed1588d59d86a793baf6"
  },
  "codAlumno": "218",
  "alumno": "Mauricio Alejandro Sánchez Martínez",
  "celAlumno": "321810758",
  "matAlumno": [
    199,
    143,
    170
  ]
},
{
  "_id": {
    "$oid": "6507ed1688d59d86a793baf7"
  },
  "codAlumno": "741",
  "alumno": "Marcela Andrea Torres Soto",
  "celAlumno": "677047627",
  "matAlumno": [
    248,
    208,
    138,
    269,
    241
  ]
},
{
  "_id": {
    "$oid": "6507ed1688d59d86a793baf8"
  },
  "codAlumno": "713",
  "alumno": "Ángel Eduardo Rodríguez López",
  "celAlumno": "890491009",
  "matAlumno": [
    222,
    140,
    195,
    131,
    208
  ]
},
{
  "_id": {
    "$oid": "6507ed1688d59d86a793baf9"
  },
  "codAlumno": "765",
  "alumno": "Gisela María Pérez García",
  "celAlumno": "784365339",
  "matAlumno": [
    216
  ]
},
{
  "_id": {
    "$oid": "6507ed1688d59d86a793bafa"
  },
  "codAlumno": "954",
  "alumno": "Roberto Andrés García Sánchez",
  "celAlumno": "440103360",
  "matAlumno": [
    208,
    219,
    285,
    157,
    264
  ]
},
{
  "_id": {
    "$oid": "6507ed1688d59d86a793bafb"
  },
  "codAlumno": "758",
  "alumno": "Rosa María Soto Martínez",
  "celAlumno": "486216184",
  "matAlumno": [
    128,
    279,
    289
  ]
},
{
  "_id": {
    "$oid": "6507ed1688d59d86a793bafc"
  },
  "codAlumno": "316",
  "alumno": "Tomás Alberto López Rodríguez",
  "celAlumno": "598385540",
  "matAlumno": [
    157,
    150,
    252
  ]
},
{
  "_id": {
    "$oid": "6507ed1788d59d86a793bafd"
  },
  "codAlumno": "402",
  "alumno": "Angela María Pérez López",
  "celAlumno": "639575707",
  "matAlumno": [
    197,
    289,
    184
  ]
},
{
  "_id": {
    "$oid": "6507ed1788d59d86a793bafe"
  },
  "codAlumno": "284",
  "alumno": "Cristian Andrés Martínez García",
  "celAlumno": "703463755",
  "matAlumno": [
    222,
    232,
    258,
    300,
    235,
    147,
    191,
    242,
    214,
    120
  ]
},
{
  "_id": {
    "$oid": "6507ed1788d59d86a793baff"
  },
  "codAlumno": "477",
  "alumno": "Julia Sofía Sánchez Rodríguez",
  "celAlumno": "280751526",
  "matAlumno": [
    216,
    261,
    156,
    229,
    227,
    167,
    283
  ]
},
{
  "_id": {
    "$oid": "6507ed1788d59d86a793bb00"
  },
  "codAlumno": "710",
  "alumno": "Eduardo José Pérez Martínez",
  "celAlumno": "683207093",
  "matAlumno": [
    111
  ]
},
{
  "_id": {
    "$oid": "6507ed1888d59d86a793bb01"
  },
  "codAlumno": "87",
  "alumno": "Teresa Isabel García López",
  "celAlumno": "506469841",
  "matAlumno": [
    251
  ]
},
{
  "_id": {
    "$oid": "6507ed1888d59d86a793bb02"
  },
  "codAlumno": "586",
  "alumno": "Raul Antonio Sánchez Rodríguez",
  "celAlumno": "521569401",
  "matAlumno": [
    213,
    182,
    249,
    119,
    213,
    173,
    277,
    131,
    175
  ]
},
{
  "_id": {
    "$oid": "6507ed1888d59d86a793bb03"
  },
  "codAlumno": "100",
  "alumno": "Claudia Andrea Torres García",
  "celAlumno": "548560573",
  "matAlumno": [
    169,
    299
  ]
},
{
  "_id": {
    "$oid": "6507ed1888d59d86a793bb04"
  },
  "codAlumno": "93",
  "alumno": "Joaquín Alejandro López Martínez",
  "celAlumno": "417706524",
  "matAlumno": [
    118,
    256,
    110,
    122,
    168
  ]
},
{
  "_id": {
    "$oid": "6507ed1888d59d86a793bb05"
  },
  "codAlumno": "41",
  "alumno": "Dolores María Pérez Soto",
  "celAlumno": "685585652",
  "matAlumno": [
    283
  ]
},
{
  "_id": {
    "$oid": "6507ed1988d59d86a793bb06"
  },
  "codAlumno": "800",
  "alumno": "Rafael José García López",
  "celAlumno": "764623794",
  "matAlumno": [
    128
  ]
},
{
  "_id": {
    "$oid": "6507ed1988d59d86a793bb07"
  },
  "codAlumno": "667",
  "alumno": "María José Pérez Martínez",
  "celAlumno": "920538601",
  "matAlumno": [
    243,
    246,
    252
  ]
},
{
  "_id": {
    "$oid": "6507ed1988d59d86a793bb08"
  },
  "codAlumno": "163",
  "alumno": "Santiago Andrés Martínez Sánchez",
  "celAlumno": "798106898",
  "matAlumno": [
    175,
    145,
    257,
    206,
    245,
    130,
    192,
    300
  ]
},
{
  "_id": {
    "$oid": "6507ed1988d59d86a793bb09"
  },
  "codAlumno": "578",
  "alumno": "Verónica María Rodríguez García",
  "celAlumno": "482730242",
  "matAlumno": [
    152,
    214,
    134,
    180,
    249,
    115,
    124,
    166
  ]
},
{
  "_id": {
    "$oid": "6507ed1988d59d86a793bb0a"
  },
  "codAlumno": "631",
  "alumno": "Federico Luis López López",
  "celAlumno": "728856904",
  "matAlumno": [
    124,
    197,
    191
  ]
},
{
  "_id": {
    "$oid": "6507ed1a88d59d86a793bb0b"
  },
  "codAlumno": "208",
  "alumno": "Lorena Isabel García Martínez",
  "celAlumno": "510165453",
  "matAlumno": [
    184,
    209
  ]
},
{
  "_id": {
    "$oid": "6507ed1a88d59d86a793bb0c"
  },
  "codAlumno": "196",
  "alumno": "Julián Alberto Pérez Sánchez",
  "celAlumno": "553693450",
  "matAlumno": [
    290,
    239,
    100,
    291,
    108,
    107
  ]
},
{
  "_id": {
    "$oid": "6507ed1a88d59d86a793bb0d"
  },
  "codAlumno": "944",
  "alumno": "Patricia Andrea Torres López",
  "celAlumno": "517675340",
  "matAlumno": [
    201
  ]
},
{
  "_id": {
    "$oid": "6507ed1a88d59d86a793bb0e"
  },
  "codAlumno": "594",
  "alumno": "Víctor José García Rodríguez",
  "celAlumno": "255182551",
  "matAlumno": [
    209,
    296,
    275
  ]
},
{
  "_id": {
    "$oid": "6507ed1a88d59d86a793bb0f"
  },
  "codAlumno": "180",
  "alumno": "Sara Isabel Martínez Pérez",
  "celAlumno": "990564615",
  "matAlumno": [
    168,
    107,
    132,
    141,
    256,
    132
  ]
},
{
  "_id": {
    "$oid": "6507ed1b88d59d86a793bb10"
  },
  "codAlumno": "361",
  "alumno": "Adolfo Alejandro Soto García",
  "celAlumno": "222045836",
  "matAlumno": [
    208,
    209,
    267,
    203,
    228,
    191,
    107
  ]
},
{
  "_id": {
    "$oid": "6507ed1b88d59d86a793bb11"
  },
  "codAlumno": "788",
  "alumno": "Beatriz María López Rodríguez",
  "celAlumno": "939486532",
  "matAlumno": [
    148,
    178,
    247,
    269
  ]
},
{
  "_id": {
    "$oid": "6507ed1b88d59d86a793bb12"
  },
  "codAlumno": "802",
  "alumno": "Leonardo Andrés Pérez Martínez",
  "celAlumno": "245436501",
  "matAlumno": [
    173,
    152,
    178,
    224,
    106,
    252,
    237,
    167
  ]
},
{
  "_id": {
    "$oid": "6507ed1b88d59d86a793bb13"
  },
  "codAlumno": "238",
  "alumno": "Cristina Isabel García Sánchez",
  "celAlumno": "850201800",
  "matAlumno": [
    228,
    246,
    178
  ]
},
{
  "_id": {
    "$oid": "6507ed1b88d59d86a793bb14"
  },
  "codAlumno": "145",
  "alumno": "Alfredo José Sánchez López",
  "celAlumno": "990813078",
  "matAlumno": [
    143,
    220,
    290,
    179,
    285,
    137,
    288,
    203,
    207
  ]
},
{
  "_id": {
    "$oid": "6507ed1c88d59d86a793bb15"
  },
  "codAlumno": "781",
  "alumno": "Rosario María Martínez García",
  "celAlumno": "641445671",
  "matAlumno": [
    166,
    159
  ]
},
{
  "_id": {
    "$oid": "6507ed1c88d59d86a793bb16"
  },
  "codAlumno": "637",
  "alumno": "Esteban Alberto López Soto",
  "celAlumno": "962549338",
  "matAlumno": [
    145,
    214,
    137,
    126,
    101
  ]
},
{
  "_id": {
    "$oid": "6507ed1c88d59d86a793bb17"
  },
  "codAlumno": "996",
  "alumno": "Virginia María Pérez Rodríguez",
  "celAlumno": "511082079",
  "matAlumno": [
    203,
    195,
    190,
    175,
    190,
    134,
    130,
    205
  ]
},
{
  "_id": {
    "$oid": "6507ed1c88d59d86a793bb18"
  },
  "codAlumno": "916",
  "alumno": "Guillermo Alejandro García Martínez",
  "celAlumno": "868681602",
  "matAlumno": [
    195,
    182,
    145,
    166,
    259
  ]
},
{
  "_id": {
    "$oid": "6507ed1c88d59d86a793bb19"
  },
  "codAlumno": "61",
  "alumno": "Silvia Isabel Sánchez López",
  "celAlumno": "966056879",
  "matAlumno": [
    122,
    239,
    274,
    291,
    111,
    133,
    185,
    103
  ]
},
{
  "_id": {
    "$oid": "6507ed1d88d59d86a793bb1a"
  },
  "codAlumno": "333",
  "alumno": "Enrique José Pérez García",
  "celAlumno": "204154832",
  "matAlumno": [
    221,
    190,
    136,
    135,
    230,
    221,
    172,
    124,
    197
  ]
},
{
  "_id": {
    "$oid": "6507ed1d88d59d86a793bb1b"
  },
  "codAlumno": "209",
  "alumno": "Eva María Torres Martínez",
  "celAlumno": "358529244",
  "matAlumno": [
    139,
    130,
    154,
    106
  ]
},
{
  "_id": {
    "$oid": "6507ed1d88d59d86a793bb1c"
  },
  "codAlumno": "345",
  "alumno": "Nicolás Andrés García Sánchez",
  "celAlumno": "870377800",
  "matAlumno": [
    151,
    291,
    295,
    238,
    143,
    172,
    300
  ]
},
{
  "_id": {
    "$oid": "6507ed1d88d59d86a793bb1d"
  },
  "codAlumno": "279",
  "alumno": "Alicia María López Rodríguez",
  "celAlumno": "257066536",
  "matAlumno": [
    102,
    288,
    185
  ]
}]