[{
  "_id": {
    "$oid": "6507de62aaec37c3fd5dc98b"
  },
  "cod": "101",
  "nom": "dataBase",
  "profesor": "Roberto"
},
{
  "_id": {
    "$oid": "650850a7bea8fe2394cacd7a"
  },
  "cod": "82",
  "nom": "Matemáticas",
  "profesor": "Martin Sebastian Ortega"
},
{
  "_id": {
    "$oid": "650850a9bea8fe2394cacd7b"
  },
  "cod": "60",
  "nom": "Ciencias Sociales",
  "profesor": "Carlos Eduardo Ramirez"
},
{
  "_id": {
    "$oid": "650850a9bea8fe2394cacd7c"
  },
  "cod": "426",
  "nom": "Lengua y Literatura",
  "profesor": "Laura Beatriz Sanchez"
},
{
  "_id": {
    "$oid": "650850a9bea8fe2394cacd7d"
  },
  "cod": "301",
  "nom": "Ciencias Naturales",
  "profesor": "Andrea Victoria Acosta"
},
{
  "_id": {
    "$oid": "650850aabea8fe2394cacd7e"
  },
  "cod": "163",
  "nom": "Historia",
  "profesor": "Lucas Esteban Herrera"
},
{
  "_id": {
    "$oid": "650850aabea8fe2394cacd7f"
  },
  "cod": "275",
  "nom": "Educación Física",
  "profesor": "Sergio Andres Rios"
},
{
  "_id": {
    "$oid": "650850aabea8fe2394cacd80"
  },
  "cod": "238",
  "nom": "Música",
  "profesor": "Valeria Natalia Cruz"
},
{
  "_id": {
    "$oid": "650850aabea8fe2394cacd81"
  },
  "cod": "467",
  "nom": "Artes Plásticas",
  "profesor": "Ana Maria Rodriguez"
},
{
  "_id": {
    "$oid": "650850abbea8fe2394cacd82"
  },
  "cod": "48",
  "nom": "Tecnología",
  "profesor": "Martin Sebastian Ortega"
},
{
  "_id": {
    "$oid": "650850abbea8fe2394cacd83"
  },
  "cod": "889",
  "nom": "Inglés",
  "profesor": "Natalia Alejandra Castro"
},
{
  "_id": {
    "$oid": "650850abbea8fe2394cacd84"
  },
  "cod": "542",
  "nom": "Química",
  "profesor": "Ana Maria Rodriguez"
},
{
  "_id": {
    "$oid": "650850acbea8fe2394cacd85"
  },
  "cod": "832",
  "nom": "Geografía",
  "profesor": "Lucas Esteban Herrera"
},
{
  "_id": {
    "$oid": "650850acbea8fe2394cacd86"
  },
  "cod": "738",
  "nom": "Educación Cívica",
  "profesor": "Sergio Andres Rios"
},
{
  "_id": {
    "$oid": "650850acbea8fe2394cacd87"
  },
  "cod": "27",
  "nom": "Informática",
  "profesor": "Juan Pablo Romero"
},
{
  "_id": {
    "$oid": "650850adbea8fe2394cacd88"
  },
  "cod": "195",
  "nom": "Economía",
  "profesor": "Javier Alejandro Torres"
},
{
  "_id": {
    "$oid": "650850adbea8fe2394cacd89"
  },
  "cod": "148",
  "nom": "Filosofía",
  "profesor": "Martina Antonia Vargas"
},
{
  "_id": {
    "$oid": "650850adbea8fe2394cacd8a"
  },
  "cod": "160",
  "nom": "Dibujo Técnico",
  "profesor": "Juan Pablo Romero"
},
{
  "_id": {
    "$oid": "650850aebea8fe2394cacd8b"
  },
  "cod": "722",
  "nom": "Psicología",
  "profesor": "Lucas Esteban Herrera"
},
{
  "_id": {
    "$oid": "650850aebea8fe2394cacd8c"
  },
  "cod": "1",
  "nom": "Biología Marina",
  "profesor": "Diego Andres Silva"
},
{
  "_id": {
    "$oid": "650850aebea8fe2394cacd8d"
  },
  "cod": "539",
  "nom": "Diseño Gráfico",
  "profesor": "Javier Alejandro Torres"
},
{
  "_id": {
    "$oid": "650850aebea8fe2394cacd8e"
  },
  "cod": "452",
  "nom": "Astronomía",
  "profesor": "Natalia Alejandra Castro"
},
{
  "_id": {
    "$oid": "650850afbea8fe2394cacd8f"
  },
  "cod": "157",
  "nom": "Geología",
  "profesor": "Valeria Natalia Cruz"
},
{
  "_id": {
    "$oid": "650850afbea8fe2394cacd90"
  },
  "cod": "562",
  "nom": "Historia del Arte",
  "profesor": "Sofia Valentina Lopez"
},
{
  "_id": {
    "$oid": "650850afbea8fe2394cacd91"
  },
  "cod": "747",
  "nom": "Psicología Infantil",
  "profesor": "Javier Alejandro Torres"
},
{
  "_id": {
    "$oid": "650850b0bea8fe2394cacd92"
  },
  "cod": "3",
  "nom": "Sociología",
  "profesor": "Martina Antonia Vargas"
},
{
  "_id": {
    "$oid": "650850b0bea8fe2394cacd93"
  },
  "cod": "95",
  "nom": "Ecología",
  "profesor": "Andres Felipe Jimenez"
},
{
  "_id": {
    "$oid": "650850b0bea8fe2394cacd94"
  },
  "cod": "997",
  "nom": "Derecho Internacional",
  "profesor": "Laura Beatriz Sanchez"
},
{
  "_id": {
    "$oid": "650850b1bea8fe2394cacd95"
  },
  "cod": "954",
  "nom": "Marketing Digital",
  "profesor": "Andres Felipe Jimenez"
},
{
  "_id": {
    "$oid": "650850b1bea8fe2394cacd96"
  },
  "cod": "242",
  "nom": "Fotografía",
  "profesor": "Felipe Alonso Paredes"
},
{
  "_id": {
    "$oid": "650850b1bea8fe2394cacd97"
  },
  "cod": "644",
  "nom": "Nutrición",
  "profesor": "Sergio Andres Rios"
},
{
  "_id": {
    "$oid": "650850b2bea8fe2394cacd98"
  },
  "cod": "879",
  "nom": "Ciencias Políticas",
  "profesor": "Valentina Sofia Medina"
},
{
  "_id": {
    "$oid": "650850b2bea8fe2394cacd99"
  },
  "cod": "108",
  "nom": "Filosofía del Derecho",
  "profesor": "Laura Beatriz Sanchez"
},
{
  "_id": {
    "$oid": "650850b3bea8fe2394cacd9a"
  },
  "cod": "553",
  "nom": "Robótica",
  "profesor": "Javier Alejandro Torres"
},
{
  "_id": {
    "$oid": "650850b3bea8fe2394cacd9b"
  },
  "cod": "599",
  "nom": "Lingüística",
  "profesor": "Diego Andres Silva"
},
{
  "_id": {
    "$oid": "650850b3bea8fe2394cacd9c"
  },
  "cod": "516",
  "nom": "Estadística",
  "profesor": "Andres Felipe Jimenez"
},
{
  "_id": {
    "$oid": "650850b4bea8fe2394cacd9d"
  },
  "cod": "11",
  "nom": "Economía Internacional",
  "profesor": "Natalia Alejandra Castro"
},
{
  "_id": {
    "$oid": "650850b4bea8fe2394cacd9e"
  },
  "cod": "591",
  "nom": "Anatomía Humana",
  "profesor": "Camila Isabel Morales"
},
{
  "_id": {
    "$oid": "650850b4bea8fe2394cacd9f"
  },
  "cod": "554",
  "nom": "Ciencia de Datos",
  "profesor": "Sergio Andres Rios"
},
{
  "_id": {
    "$oid": "650850b4bea8fe2394cacda0"
  },
  "cod": "385",
  "nom": "Medicina Forense",
  "profesor": "Andres Felipe Jimenez"
},
{
  "_id": {
    "$oid": "650850b5bea8fe2394cacda1"
  },
  "cod": "138",
  "nom": "Ciencia de Materiales",
  "profesor": "Sergio Andres Rios"
}]